Campaign,Ad Group,Keyword
PT-Search-EN-Turnkey,Turnkey Production Line,"""turnkey production line"""
PT-Search-EN-Turnkey,Turnkey Production Line,"""turnkey manufacturing plant"""
PT-Search-EN-Turnkey,Turnkey Production Line,"""complete production line"""
PT-Search-EN-Turnkey,Turnkey Production Line,"""turnkey factory setup"""
PT-Search-EN-Turnkey,Turnkey Production Line,"""turnkey plant supplier"""
PT-Search-EN-Turnkey,Turnkey Production Line,"""production line manufacturer turkey"""
PT-Search-EN-Turnkey,Turnkey Production Line,[turnkey production line]
PT-Search-EN-Turnkey,Turnkey Production Line,[turnkey plant]
PT-Search-EN-Turnkey,Sauce & Paste Line,"""sauce production line"""
PT-Search-EN-Turnkey,Sauce & Paste Line,"""tomato paste production line"""
PT-Search-EN-Turnkey,Sauce & Paste Line,"""tomato paste plant"""
PT-Search-EN-Turnkey,Sauce & Paste Line,"""ketchup production line"""
PT-Search-EN-Turnkey,Sauce & Paste Line,"""jam production line"""
PT-Search-EN-Turnkey,Sauce & Paste Line,"""food processing line turnkey"""
PT-Search-EN-Turnkey,Sauce & Paste Line,[sauce production line]
PT-Search-EN-Turnkey,Sauce & Paste Line,[tomato paste production line]
PT-Search-EN-Turnkey,Dairy Milk Plant,"""milk processing plant"""
PT-Search-EN-Turnkey,Dairy Milk Plant,"""yoghurt production line"""
PT-Search-EN-Turnkey,Dairy Milk Plant,"""dairy processing plant"""
PT-Search-EN-Turnkey,Dairy Milk Plant,"""milk pasteurization line"""
PT-Search-EN-Turnkey,Dairy Milk Plant,"""milk plant turnkey"""
PT-Search-EN-Turnkey,Dairy Milk Plant,[milk processing plant]
PT-Search-EN-Turnkey,Dairy Milk Plant,[dairy plant]
