comments,id,kanal,likes,link,metin,reach,tur,views,zaman
0,18096759290340657,instagram,0,https://www.instagram.com/p/DbJDAN6CL4d/,"Batı Afrika'da bebek bezi talebi, yıllık 160 M$ ithalatla karşılanıyor.   Bu bölgede lokal üretici bulunmamakta.   Yapılan fizibilite çalışması, iki Avrupa hattıyla 30–35 milyon adet/ay kapasiteli bir üretim tesisinin teknik ve ticari uygulanabilirliğini inceliyor.   Hijyen ve tüketim ürünleri alanında önemli bir fırsat sunan bu proje, yerel üretimle tedarik zincirini güçlendirmeyi hedefliyor.   D",6,IMAGE,10,2026-07-23T16:01:52+0000
0,17874610965623224,instagram,0,https://www.instagram.com/reel/DbI-uWtkt8i/,"От идеи производства до работающего завода. 🏭  ProcessTürk проектирует, изготавливает, монтирует и запускает полные производственные линии — томатная паста, соусы, молочная переработка, соки, розлив и упаковка — а также индивидуальные проекты под ключ.  Один партнёр от и до. Работаем более чем в 27 странах.  👉 processturk.com #ProcessTurk #ЗаводПодКлюч #ПищевоеПроизводство #ПроизводственнаяЛиния #",107,VIDEO,113,2026-07-23T15:24:47+0000
0,18091310909093726,instagram,1,https://www.instagram.com/reel/DbI-oXzjMQS/,⁨	من فكرة الإنتاج إلى مصنع يعمل. 🏭  بروسِس تُورك تصمّم وتصنّع وتركّب وتشغّل خطوط إنتاج متكاملة — معجون الطماطم، الصلصات، الألبان، عصائر الفاكهة، التعبئة والتغليف — إضافة إلى مشاريع خاصة جاهزة للتشغيل.  شريك واحد من البداية إلى النهاية. نعمل في أكثر من ٢٧ دولة.  👉 processturk.com #ProcessTurk #مصانع_جاهزة #الصناعات_الغذائية #خطوط_إنتاج #الهندسة_الصناعية⁩,108,VIDEO,116,2026-07-23T15:23:59+0000
0,18123876511753614,instagram,1,https://www.instagram.com/reel/DbI-bY1gavH/,"D'une idée de production à une usine en marche. 🏭  ProcessTürk conçoit, fabrique, installe et met en service des lignes de production complètes — concentré de tomate, sauces, produits laitiers, jus de fruits, remplissage & conditionnement — ainsi que des projets clés en main sur mesure.  Un seul partenaire, de A à Z. Actif dans plus de 27 pays.  👉 processturk.com #ProcessTurk #UsineCleEnMain #Agro",63,VIDEO,69,2026-07-23T15:22:18+0000
0,18089084729431599,instagram,1,https://www.instagram.com/reel/DbI-ViAjaBt/,"From a production idea to a working factory. 🏭  ProcessTürk designs, manufactures, installs and commissions complete production lines — tomato paste, sauces, dairy, fruit juice, filling & packaging — plus fully custom turnkey projects.  One partner, end to end. Active in 27+ countries.  👉 processturk.com #ProcessTurk #TurnkeyPlant #FoodProcessing #ProductionLine #IndustrialEngineering",132,VIDEO,141,2026-07-23T15:21:24+0000
0,17897786193351822,instagram,0,https://www.instagram.com/p/DbIur0mCEzG/,"Orta ölçekli gıda üretim tesisi kurmak, dikkatlice planlanması gereken bir süreçtir.   Yasal gereklilikler ve izin süreçleri, başarılı bir başlangıç için kritik öneme sahiptir.   Bu süreçte, doğru bilgiye sahip olmak, riskleri azaltır ve sürekliliği sağlar.   Detaylı bilgi için makalemizi inceleyin.   Link profilde: processturk.com   #GıdaÜretimi #YasalGereklilikler #İzinSüreci #GıdaSektörü #Proce",6,IMAGE,6,2026-07-23T13:04:19+0000
0,18143210305542715,instagram,0,https://www.instagram.com/p/DbGeMSUoKOD/,"Batı Afrika'da tuz işleme ve iyotlama potansiyelini keşfettik.   Nemli tuzun kurutulması, öğütülmesi ve iyotlanması için tasarlanan üç makineli kompakt proses hattı, sektördeki ihtiyaçları karşılamak üzere geliştirilmiştir.   Bu çalışma kapsamında, 4 m paslanmaz döner kurutucu, 50 cm dikey taşlı değirmen ve iyot dozajlama ünitesi yer almaktadır.   Ekipman fizibilite çalışmamız, süreç verimliliğini",5,IMAGE,9,2026-07-22T16:01:40+0000
0,18015623714719464,instagram,0,https://www.instagram.com/p/DbGJgXeIKTr/,"Gıda üretiminde ambalaj seçimi, ürün kalitesi ve güvenliği açısından kritik bir öneme sahiptir.   Doğru malzeme seçimi, üretim sürecinde verimliliği artırırken, maliyetleri optimize edebilir.   Ambalajın işlevselliği, ürünlerin raf ömrünü uzatmakta ve tüketici memnuniyetini artırmaktadır.   Siz de gıda üretiminizde en uygun ambalaj malzemelerini seçerek süreçlerinizi güçlendirin.   Detaylar için l",17,IMAGE,30,2026-07-22T13:00:54+0000
0,18188906365384058,instagram,0,https://www.instagram.com/p/DbGJfaTDMhI/,"Gıda ürünleri ihracatı, yerli ve yabancı pazarlarda önemli fırsatlar sunuyor.   Ancak, bu süreçte dikkat edilmesi gereken birçok faktör var.   Ürün kalitesi, pazar araştırması ve yasal düzenlemeler gibi unsurlar, başarı için kritik öneme sahip.   İhracat sürecinde riskleri azaltmak ve sürdürülebilir büyümeyi sağlamak için doğru stratejiler geliştirmek gerekiyor.   Detaylar için makalemizi okuyun: ",9,IMAGE,24,2026-07-22T13:00:46+0000
0,18209665282345284,instagram,0,https://www.instagram.com/p/DbDk8_UCOaw/,"Gıda üretim tesislerinde enerji verimliliği, maliyetleri azaltmanın yanı sıra sürdürülebilirlik hedeflerinize ulaşmanın anahtarıdır.   Yatırımcılar için bu konu, rekabet avantajı sağlamak adına kritik bir öneme sahiptir.   Enerji verimliliğini artırmanın yollarını keşfedin ve tesisinizin performansını yükseltin.   Detaylar için makalemizi inceleyin:   👉 link profilde / processturk.com   #EnerjiVer",2,IMAGE,15,2026-07-21T13:03:06+0000
0,18018650213877423,instagram,0,https://www.instagram.com/p/DbDk7R1iAcF/,"Gıda üretim hattında doğru ekipman seçimi, verimlilik ve kalite açısından kritik bir rol oynar.   Ekipman seçiminde dikkate almanız gereken faktörler, süreçlerinizi optimize etmenize yardımcı olabilir.   Doğru ekipman, üretim kapasitenizi artırırken, riskleri azaltma konusunda da önemli bir avantaj sağlar.   Gıda sektöründe sürdürülebilir başarı için stratejik bir yaklaşım şart.   Detaylar için ma",5,IMAGE,19,2026-07-21T13:02:50+0000
0,17926638612146910,instagram,0,https://www.instagram.com/p/DbDbkM_l8PD/,"Gıda üretiminde yatırım yaparken, doğru finansman seçeneklerini değerlendirmek kritik bir adımdır.   Hangi yöntemlerin sizin için en uygun olduğunu belirlemek, sürecin başarısını doğrudan etkiler.   Yatırımcıların dikkat etmesi gereken noktalar, riskleri minimize etmek ve verimliliği artırmak üzerine odaklanmalıdır.   Detaylı kılavuzumuza göz atarak, stratejik bir yaklaşım geliştirebilirsiniz.   D",16,IMAGE,31,2026-07-21T11:41:00+0000
0,18124322830670803,instagram,0,https://www.instagram.com/reel/DauJSEdCqHE/,من الهندسة إلى التركيب — شريك واحد. 🏭 تعبئة الحبيبات، تعبئة السوائل، الصلصة والمايونيز، معجون الطماطم — وإذا احتجت شيئاً مختلفاً، نصممه خصيصاً لك. #ProcessTurk #مصنع_متكامل #صنع_في_تركيا,119,VIDEO,122,2026-07-13T05:17:40+0000
0,18089355590322541,instagram,0,https://www.instagram.com/reel/DauJMQRCXkw/,"De l'ingénierie à l'installation — un seul partenaire. 🏭 Remplissage granulé, remplissage liquide, sauce & mayonnaise, pâte de tomate — et si vous avez besoin d'autre chose, nous le concevons pour vous. #ProcessTurk #UsineCléEnMain #FabriquéEnTurquie",67,VIDEO,72,2026-07-13T05:16:51+0000
0,18417176407146190,instagram,0,https://www.instagram.com/reel/DauJD2-E_mv/,"From engineering to installation — one partner. 🏭 Granular filling, liquid filling, sauce & mayonnaise, tomato paste — and if you need something different, we design it around you. #ProcessTurk #TurnkeyFactory #MadeInTurkiye",56,VIDEO,59,2026-07-13T05:15:38+0000
0,18064959020719248,instagram,2,https://www.instagram.com/reel/DarwdgGEpDg/,برطمان تلو الآخر، يُعبأ ويُغلق كل ثانية. خط الصلصة والمايونيز لدينا الجاهز بالكامل ينجز كل شيء: الطبخ، التعبئة، الإغلاق، التغليف. هندسة تركية + مكونات أوروبية (Siemens · Schneider · Festo)، مورد واحد ودعم كامل. مستعد لبناء مصنعك؟ راسلنا على واتساب. #ProcessTurk #مصنع_متكامل #صنع_في_تركيا,148,VIDEO,194,2026-07-12T07:02:30+0000
0,18087787907533970,instagram,2,https://www.instagram.com/reel/DarwYkwiKFG/,"Pot après pot, rempli et scellé — chaque seconde. Notre ligne clé en main de sauce et mayonnaise fait tout : cuisson, remplissage, bouchage, étiquetage, emballage. Ingénierie turque + composants européens (Siemens · Schneider · Festo), un seul fournisseur, support complet. Prêt à construire votre usine ? Écrivez-nous sur WhatsApp. #ProcessTurk #UsineCléEnMain #FabriquéEnTurquie",162,VIDEO,204,2026-07-12T07:01:28+0000
0,18106203905079379,instagram,1,https://www.instagram.com/reel/DarwSBVkSrF/,"Jar after jar, filled and sealed — every second. Our turnkey sauce & mayonnaise line runs it all: cooking, filling, capping, labelling, packaging. Turkish engineering + European components (Siemens · Schneider · Festo), one supplier, full support. Ready to build your factory? Message us on WhatsApp. #ProcessTurk #TurnkeyFactory #MadeInTurkiye",154,VIDEO,203,2026-07-12T07:00:36+0000
0,17952019298999985,instagram,0,https://www.instagram.com/p/DaNBHcTGHHV/,"Üretimde tutarlılık, tasarımla başlar. Hattı ürününüze ve hedef kapasitenize göre planlıyoruz; kurulumdan operatör eğitimine kadar tek elden.  Ürün türü, hedef kapasite ve kurulum ülkenizi paylaşın — projenizi teknik açıdan birlikte değerlendirelim.  #ProcessTürk #üretimhattı #gıdateknolojisi",20,IMAGE,27,2026-06-30T08:30:53+0000
0,18205643140346311,instagram,1,https://www.instagram.com/p/DZ7fK3wiBaX/,"Unlock efficiency with our 4-nozzle Liquid Filling Machine! 🚀 Designed for precision, this powerhouse can fill up to 1000 units per hour at 400 ml each, ensuring your production line runs smoothly and effectively. With Turkish engineering expertise, we deliver reliability and innovation right to your facility. Ready to elevate your production process? Message us on WhatsApp for more details! 💬  #P",25,IMAGE,38,2026-06-23T13:07:13+0000
